  
{
  "blocks": [
    { "id": 1, "x": 0, "y": 350 },
    { "id": 2, "x": 50, "y": 350 },
    { "id": 3, "x": 100, "y": 350 },
    { "id": 4, "x": 150, "y": 350 },
    { "id": 5, "x": 200, "y": 350 },
    { "id": 6, "x": 250, "y": 350 },
    { "id": 7, "x": 300, "y": 350 },
    { "id": 8, "x": 350, "y": 350 },
    { "id": 9, "x": 400, "y": 350 },
    { "id": 10, "x": 450, "y": 350 },
    { "id": 11, "x": 500, "y": 350 },
    { "id": 12, "x": 550, "y": 350 },
    { "id": 13, "x": 600, "y": 350 },
    { "id": 14, "x": 650, "y": 350 },
    { "id": 15, "x": 700, "y": 350 },
    { "id": 16, "x": 750, "y": 350 },
    { "id": 17, "x": 0, "y": 100 },
    { "id": 18, "x": 50, "y": 100 },
    { "id": 19, "x": 100, "y": 100 },
    { "id": 20, "x": 150, "y": 100 },
    { "id": 21, "x": 200, "y": 100 },
    { "id": 22, "x": 250, "y": 100 },
    { "id": 23, "x": 300, "y": 100 },
    { "id": 24, "x": 350, "y": 100 },
    { "id": 25, "x": 400, "y": 100 },
    { "id": 26, "x": 450, "y": 100 },
    { "id": 27, "x": 500, "y": 100 },
    { "id": 28, "x": 550, "y": 100 },
    { "id": 29, "x": 600, "y": 100 },
    { "id": 30, "x": 650, "y": 100 },
    { "id": 31, "x": 700, "y": 100 },
    { "id": 32, "x": 750, "y": 100 },
    { "id": 33, "x": 0, "y": 100 },
    { "id": 34, "x": 50, "y": 100 },
    { "id": 35, "x": 100, "y": 100 },
    { "id": 36, "x": 150, "y": 100 },
    { "id": 37, "x": 200, "y": 100 },
    { "id": 38, "x": 250, "y": 100 },
    { "id": 39, "x": 300, "y": 100 },
    { "id": 40, "x": 350, "y": 100 },
    { "id": 41, "x": 400, "y": 100 },
    { "id": 42, "x": 450, "y": 100 },
    { "id": 43, "x": 500, "y": 100 },
    { "id": 44, "x": 550, "y": 100 },
    { "id": 45, "x": 600, "y": 100 },
    { "id": 46, "x": 650, "y": 100 },
    { "id": 47, "x": 700, "y": 100 },
    { "id": 48, "x": 750, "y": 100 },
    { "id": 49, "x": 0, "y": -275 },
    { "id": 50, "x": 50, "y": -275 },
    { "id": 51, "x": 100, "y": -275 },
    { "id": 52, "x": 150, "y": -275 },
    { "id": 53, "x": 200, "y": -275 },
    { "id": 54, "x": 250, "y": -275 },
    { "id": 55, "x": 300, "y": -275 },
    { "id": 56, "x": 350, "y": -275 },
    { "id": 57, "x": 400, "y": -275 },
    { "id": 58, "x": 450, "y": -275 },
    { "id": 59, "x": 500, "y": -275 },
    { "id": 60, "x": 550, "y": -275 },
    { "id": 61, "x": 600, "y": -275 },
    { "id": 62, "x": 650, "y": -275 },
    { "id": 63, "x": 700, "y": -275 },
    { "id": 64, "x": 750, "y": -275 }
  ],
      "clouds" :[
    { "id": 1, "x": 0, "y": 475 },
    { "id": 2, "x": 400, "y": 475 },
    { "id": 3, "x": 800, "y": 475 },
    { "id": 4, "x": -200, "y": 225 },
    { "id": 5, "x": 200, "y": 225 },
    { "id": 6, "x": 600, "y": 225 },
    { "id": 7, "x": -200, "y": -25 },
    { "id": 8, "x": 200, "y": -25 },
    { "id": 9, "x": 600, "y": -25 },
    { "id": 10, "x": 0, "y": -150 },
    { "id": 11, "x": 400, "y":  -150 },
    { "id": 12, "x": 800, "y":  -150 }
      ],
      "flags": [
        {"x": 400, "y": -325}
      ],
      "bonuses": [
        { "x": 200, "y": -325},
        { "x": 200, "y": -180},
        { "x": 600, "y": -180 }
    ]
}
